Province/States,Country/Region,WHO region,1/21/2020,1/22/2020,1/23/2020,1/24/2020,1/25/2020,1/26/2020,1/27/2020,1/28/2020,1/29/2020,1/30/2020,1/31/2020,2/1/2020,2/2/2020,2/3/2020,2/4/2020,2/5/2020,2/6/2020,2/7/2020,2/8/2020,2/9/2020,2/10/2020,2/11/2020,2/12/2020,2/13/2020,2/14/2020,2/15/2020,2/16/2020,2/17/2020,2/18/2020,2/19/2020,2/20/2020,2/21/2020,2/22/2020,2/23/2020,2/24/2020,2/25/2020,2/26/2020,2/27/2020,2/28/2020,2/29/2020,3/1/2020,3/2/2020,3/3/2020,3/4/2020,3/5/2020,3/6/2020,3/7/2020,3/8/2020,3/9/2020,3/10/2020,3/11/2020,3/12/2020,3/13/2020,3/14/2020,3/15/2020,3/16/2020,3/17/2020,3/18/2020,3/19/2020,3/20/2020,3/21/2020
Confirmed,Globally,,282,314,581,846,1320,2014,2798,4593,6065,7818,9826,11953,14557,17391,20630,24554,28276,31481,34886,37558,40554,43103,45171,46997,49053,50580,51857,71429,73332,75204,75748,76769,77794,78811,79331,80239,81109,82294,83652,85403,87137,88948,90870,93091,95324,98192,101927,105586,109577,113702,118319,125048,132758,142539,153517,167515,179111,191127,209839,234073,266073
Deaths,Globally,,,,,,,,,,,,,,,,,,,,,,,,,,,,,,,,,,,,,,,,,,,,,,,,,,,,,,,,,,7426,7807,8778,9840,11184
Confirmed,China,Western Pacific Region,278,309,571,830,1297,1985,2741,4537,5997,7736,9720,11821,14411,17238,20471,24363,28060,31211,34598,37251,40235,42708,44730,46550,48548,50054,51174,70635,72528,74280,74675,75569,76392,77042,77262,77780,78191,78630,78961,79394,79968,80174,80304,80422,80565,80711,80813,80859,80904,80924,80955,80981,80991,81021,81048,81077,81116,81116,81174,81300,81416
Confirmed,Outside of China,,4,5,10,16,23,29,57,56,68,82,106,132,146,153,159,191,216,270,288,307,319,395,441,447,505,526,683,794,804,924,1073,1200,1402,1769,2069,2459,2918,3664,4691,6009,7169,8774,10566,12669,14759,17481,21110,24727,28673,32778,37364,44067,51767,61518,72469,86438,97995,110011,128665,152773,184657
Deaths,China,Western Pacific Region,,,,,,,80,106,132,170,213,259,304,361,425,491,564,637,723,812,909,1017,1114,1260,1381,1524,1666,1772,1870,2006,2121,2239,2348,2445,2595,2666,2718,2747,2791,2838,2873,2915,2946,2984,3015,3045,3073,3100,3123,3140,3162,3173,4955,3194,3204,3218,3231,3231,3242,3253,3261
Hubei ,China,Western Pacific Region,258,270,375,375,,,,,,,,7153,9074,11177,13522,16678,19665,22112,24953,27100,29631,31728,33366,34874,51968,54406,56249,58182,59989,61682,62031,62662,63454,64084,64287,64786,65187,65596,65914,66337,66907,67103,67217,67332,67466,67592,67666,67707,67743,67760,67773,67781,67786,67790,67794,,,,,,
Guangdong,China,Western Pacific Region,14,17,26,32,,,,,,,,520,604,683,797,870,944,1018,1075,1120,1151,1177,1219,1241,1261,1295,1316,1322,1328,1331,1332,1333,1339,1342,1345,1347,1347,1347,1348,1349,1349,1350,1350,1350,1350,1351,1352,1352,1352,1353,1353,1356,1356,1356,1357,,,,,,
Henan,China,Western Pacific Region,,1,1,1,,,,,,,,422,493,566,675,764,851,914,981,1033,1073,1105,1135,1169,1184,1212,1231,1246,1257,1262,1265,1267,1270,1271,1271,1271,1271,1272,1272,1272,1272,1272,1272,1272,1272,1272,1272,1272,1272,1272,1272,1273,1273,1273,1273,,,,,,
Zhejiang,China,Western Pacific Region,,5,5,5,,,,,,,,599,661,724,829,895,954,1006,1048,1075,1104,1117,1131,1145,1155,1162,1167,1171,1172,1173,1175,1203,1205,1205,1205,1205,1205,1205,1205,1205,1205,1206,1213,1213,1215,1215,1215,1215,1215,1215,1215,1215,1215,1227,1231,,,,,,
Hunan,China,Western Pacific Region,,1,1,1,,,,,,,,389,463,521,593,661,711,772,803,838,879,912,946,968,988,1001,1004,1006,1007,1008,1010,1011,1013,1016,1016,1016,1016,1017,1017,1018,1018,1018,1018,1018,1018,1018,1018,1018,1018,1018,1018,1018,1018,1018,1018,,,,,,
Anhui,China,Western Pacific Region,,,,,,,,,,,,297,340,408,480,530,591,665,733,779,830,860,889,910,934,950,962,973,982,986,987,988,989,989,989,989,989,989,990,990,990,990,990,990,990,990,990,990,990,990,990,990,990,990,990,,,,,,
Jiangxi,China,Western Pacific Region,,1,2,2,,,,,,,,286,333,391,476,548,600,661,698,740,771,804,844,872,900,913,925,930,933,934,934,934,934,934,934,934,934,934,935,935,935,935,935,935,935,935,935,935,935,935,935,935,935,935,935,,,,,,
Shandong,China,Western Pacific Region,,1,1,1,,,,,,,,202,225,246,270,298,343,379,407,435,459,486,497,506,519,530,537,541,543,544,546,748,750,754,755,755,756,756,756,756,756,758,758,758,758,758,758,758,758,758,759,760,760,760,760,,,,,,
Jiangsu,China,Western Pacific Region,,,,,,,,,,,,202,231,271,308,341,373,408,439,468,492,515,543,570,593,604,617,626,629,631,631,631,631,631,631,631,631,631,631,631,631,631,631,631,631,631,631,631,631,631,631,631,631,631,631,,,,,,
Chongqing,China,Western Pacific Region,,1,5,5,,,,,,,,238,262,300,337,366,389,411,426,446,468,486,505,518,529,537,544,551,553,555,560,567,572,573,575,576,576,576,576,576,576,576,576,576,576,576,576,576,576,576,576,576,576,576,576,,,,,,
Sichuan,China,Western Pacific Region,,1,2,2,,,,,,,,207,236,254,282,301,321,344,363,386,405,417,436,451,463,470,481,495,508,514,520,525,526,526,527,529,531,534,538,538,538,538,538,538,538,539,539,539,539,539,539,539,539,539,539,,,,,,
Heilongjiang,China,Western Pacific Region,,,,,,,,,,,,80,95,118,155,190,227,277,282,307,331,360,378,395,418,425,445,457,464,470,476,479,479,480,480,480,480,480,480,480,480,480,480,480,481,481,481,481,481,481,482,482,482,482,482,,,,,,
Beijing,China,Western Pacific Region,5,5,10,10,,,,,,,,156,183,212,228,253,274,297,315,326,337,342,352,366,372,375,380,381,387,393,395,396,399,399,399,400,400,410,410,411,413,414,414,417,128(418),422,426,428,428,429,435,435,436,437,442,,,,,,
Shanghai,China,Western Pacific Region,1,2,9,9,,,,,,,,153,177,193,208,233,254,269,281,292,295,302,306,313,318,326,328,331,333,333,333,334,334,335,335,335,336,337,337,337,337,337,338,338,338,339,342,342,342,342,344,344,346,350,353,,,,,,
Hebei,China,Western Pacific Region,,,,,,,,,,,,96,104,113,126,135,157,171,195,206,218,239,251,265,283,291,300,301,302,306,307,308,309,311,311,311,312,317,318,318,318,318,318,318,318,318,318,318,318,318,318,318,318,318,318,,,,,,
Fujian,China,Western Pacific Region,,,,,,,,,,,,144,159,179,194,205,215,224,239,250,261,267,272,279,281,285,287,290,292,293,293,293,293,293,293,294,294,296,296,296,296,296,296,296,296,296,296,296,296,296,296,296,296,296,296,,,,,,
Guangxi,China,Western Pacific Region,,,,,,,,,,,,100,111,127,139,150,168,172,183,195,210,215,222,222,226,235,237,238,242,244,245,246,249,249,251,252,252,252,252,252,252,252,252,252,252,252,252,252,252,252,252,252,252,252,252,,,,,,
Shaanxi,China,Western Pacific Region,,,,,,,,,,,,101,116,128,142,165,173,184,195,208,213,219,225,229,230,232,236,240,240,242,245,245,245,245,245,245,245,245,245,245,245,245,245,245,245,245,245,245,245,245,245,245,245,245,245,,,,,,
Yunnan,China,Western Pacific Region,,1,1,1,,,,,,,,91,99,109,117,122,128,135,138,140,141,149,154,155,162,168,169,171,172,172,172,174,174,174,174,174,174,174,174,174,174,174,174,174,174,174,174,174,174,174,174,174,174,174,174,,,,,,
Hainan,China,Western Pacific Region,,,,,,,,,,,,57,63,70,79,89,100,111,123,128,136,142,145,157,157,162,162,162,163,163,168,168,168,168,168,168,168,168,168,168,168,168,168,168,168,168,168,168,168,168,168,168,168,168,168,,,,,,
Guizhou,China,Western Pacific Region,,,,,,,,,,,,29,38,46,56,64,69,77,89,96,109,118,131,135,140,143,144,146,146,146,146,146,146,146,146,146,146,146,146,146,146,146,146,146,146,146,146,146,146,146,146,146,146,146,146,,,,,,
Tianjin,China,Western Pacific Region,,2,2,2,,,,,,,,34,40,49,63,67,70,94,81,88,91,96,106,112,119,120,122,124,125,128,130,131,133,135,135,135,135,135,136,136,136,136,136,136,136,136,136,136,136,136,136,136,136,136,136,,,,,,
Shanxi,China,Western Pacific Region,,,,,,,,,,,,47,56,66,74,81,90,96,104,115,119,122,124,126,126,127,128,129,130,131,131,132,132,132,132,133,133,133,133,133,133,133,133,133,133,133,133,133,133,133,133,133,133,133,133,,,,,,
Liaoning,China,Western Pacific Region,,,,,,,,,,,,60,64,70,74,81,89,94,99,105,107,108,111,116,117,119,120,121,121,121,121,121,121,121,121,121,121,121,121,121,122,122,125,125,125,125,125,125,125,125,125,125,125,125,125,,,,,,
Hong Kong,China,Western Pacific Region,,,1,2,5,5,8,8,8,10,12,13,14,15,15,18,21,24,26,26,36,42,49,50,53,56,56,57,60,62,65,68,68,70,74,81,85,91,93,94,95,98,101,100,104,104,107,109,114,115,120,129,131,137,141,,,,,,
Jilin,China,Western Pacific Region,,,,,,,,,,,,17,21,31,42,54,59,65,69,78,80,81,83,84,86,88,88,89,89,90,91,91,91,91,93,93,93,93,93,93,93,93,93,93,93,93,93,93,93,93,93,93,93,93,93,,,,,,
Gansu,China,Western Pacific Region,,,,,,,,,,,,35,45,51,56,57,62,70,71,81,85,86,86,87,90,90,90,91,91,91,91,91,91,91,91,91,91,91,91,91,91,91,91,91,91,102,119,120,124,124,125,127,127,129,132,,,,,,
Xinjiang,China,Western Pacific Region,,,,,,,,,,,,18,23,24,29,32,36,39,42,45,49,55,59,63,65,70,71,73,76,76,76,76,76,75,76,76,76,76,76,76,76,76,76,76,76,76,76,76,76,76,76,76,76,76,76,,,,,,
Inner Mongolia,China,Western Pacific Region,,,,,,,,,,,,23,26,33,37,42,46,49,50,54,58,58,60,61,63,68,70,72,73,75,75,75,75,75,75,75,75,75,75,75,75,75,75,75,75,75,75,75,75,75,75,75,75,75,75,,,,,,
Ningxia,China,Western Pacific Region,,,,,,,,,,,,26,28,31,34,34,40,43,45,45,49,53,58,64,67,70,70,70,70,71,71,71,71,71,71,71,71,72,72,73,73,74,74,75,75,75,75,75,75,75,75,75,75,75,75,,,,,,
Taiwan,China,Western Pacific Region,,1,1,1,3,3,4,7,8,8,9,10,10,10,10,11,11,16,16,17,18,18,18,18,18,18,18,20,22,23,24,26,26,23,28,31,32,32,34,39,39,40,42,42,42,45,45,45,45,45,47,49,49,50,53,,,,,,
Qinghai,China,Western Pacific Region,,,,,,,,,,,,8,9,13,15,17,18,18,18,18,18,18,18,18,18,18,18,18,18,12,18,18,18,18,18,18,18,18,18,18,18,18,18,18,18,18,18,18,18,18,18,18,18,18,18,,,,,,
Macau,China,Western Pacific Region,,,1,2,2,2,5,7,7,7,7,7,7,8,8,10,10,10,10,10,10,10,10,10,10,10,10,10,10,10,10,10,10,10,10,10,10,10,10,10,10,10,10,10,10,10,10,10,10,10,10,10,10,10,10,,,,,,
Xizang,China,Western Pacific Region,,,,,,,,,,,,1,1,1,1,1,1,1,1,1,1,1,1,1,1,1,1,1,1,1,1,1,1,1,1,1,1,1,1,1,1,1,1,1,1,1,1,1,1,1,1,1,1,1,1,,,,,,
Unspecified*,China,Western Pacific Region,,,131,384,,,,,,,,,,,,,,,,,,,,,,,,,,,,,,,,,,,,,,,,,,,,,,,,,,,,,,,,,
,China,Western Pacific Region,278,309,571,830,1297,1985,2741,4537,5997,7736,9720,11821,14411,17238,20471,24363,28060,31211,34598,37251,40235,42708,44730,46550,48548,50054,51174,70635,72528,74280,74675,75569,76392,77042,77262,77780,78191,78630,78961,79394,79968,80174,80304,80422,80565,80711,80813,80859,80904,80924,80955,80981,80991,81021,81048,81077,81116,81116,81174,81300,81416
,Japan,Western Pacific Region,1,1,1,1,3,3,4,6,7,11,14,17,20,20,20,33,25,25,25,26,26,26,28,29,33,41,53,59,65,73,85,93,105,132,144,157,164,186,210,230,239,254,268,284,317,349,408,455,488,514,568,620,675,716,780,814,829,829,873,950,996
,Republic of Korea,Western Pacific Region,1,1,1,2,2,2,4,4,4,4,11,12,15,15,16,18,23,24,24,27,27,28,28,28,28,28,29,30,31,51,104,204,346,602,763,977,1261,1766,2337,3150,3736,4212,4812,5328,5766,6284,6767,7134,7382,7513,7755,7869,7979,8086,8162,8236,8320,8320,8413,8652,8799
,Thailand,South-East Asia Region,2,2,2,4,4,5,5,14,14,14,14,19,19,19,19,25,25,25,32,32,32,33,33,33,33,34,34,35,35,35,35,35,35,35,35,37,40,40,40,42,42,42,43,43,47,47,48,50,50,53,59,70,75,75,75,114,147,177,212,322,322
,United States of America,Region of the Americas,,,1,1,2,2,5,5,5,5,6,7,8,11,11,11,12,12,12,12,12,13,13,14,15,15,15,15,15,15,15,15,35,35,35,53,53,59,59,62,62,62,64,108,129,148,213,213,213,472,696,987,1264,1678,1678,1678,3503,3536,7087,10442,15219
,Vietnam,Western Pacific Region,,,,2,2,2,2,2,2,2,5,6,7,8,9,10,10,12,13,14,14,15,15,16,16,16,16,16,16,16,16,16,16,16,16,16,16,16,16,16,16,16,16,16,16,16,17,21,30,31,35,39,39,48,53,57,61,61,66,85,91
,Singapore,Western Pacific Region,,,,1,3,3,4,7,7,10,13,16,18,18,18,24,28,30,33,40,43,45,47,50,58,67,72,75,77,81,84,85,86,89,89,90,91,93,96,98,102,106,108,110,110,117,130,138,150,160,166,178,187,200,212,243,243,266,313,345,385
,Italy,European Region,,,,,,,,,,,2,2,2,2,2,2,2,3,3,3,3,3,3,3,3,3,3,3,3,3,3,3,9,76,124,229,322,400,650,888,1128,1689,2036,2502,3089,3858,4636,5883,7375,9172,10149,12462,15113,17660,21157,24747,27980,31506,35713,41035,47021
,Nepal,South-East Asia Region,,,,,1,1,1,1,1,1,1,1,1,1,1,1,1,1,1,1,1,1,1,1,1,1,1,1,1,1,1,1,1,1,1,1,1,1,1,1,1,1,1,1,1,1,1,1,1,1,1,1,1,1,1,1,1,1,1,1,1
,Australia,Western Pacific Region,,,,,3,3,4,5,7,7,9,12,12,12,12,13,14,15,15,15,15,15,15,15,15,15,15,15,15,15,15,17,21,21,21,22,23,23,23,24,25,27,33,43,57,57,62,74,77,92,112,122,140,197,249,298,375,414,510,709,873
,Malaysia,Western Pacific Region,,,,,,3,4,4,4,7,8,8,8,8,10,10,12,14,15,17,18,18,18,18,19,21,22,22,22,22,22,22,22,22,22,22,22,22,24,24,24,24,29,50,50,55,83,93,93,117,129,129,129,197,238,553,553,553,673,900,1030
,Canada,Region of the Americas,,,,,,,1,2,3,3,3,4,4,4,4,5,5,7,7,7,7,7,7,7,7,7,7,7,8,8,8,8,8,9,9,10,10,11,11,14,19,19,27,30,30,45,51,57,62,77,93,93,138,176,244,304,424,424,569,736,846
,Cambodia,Western Pacific Region,,,,,,,,1,1,1,1,1,1,1,1,1,1,1,1,1,1,1,1,1,1,1,1,1,1,1,1,1,1,1,1,1,1,1,1,1,1,1,1,1,1,1,1,2,2,2,3,3,5,7,7,12,24,24,35,47,51
,France,European Region,,,,,3,3,3,3,4,5,6,6,6,6,6,6,6,6,6,11,11,11,11,11,11,11,12,12,12,12,12,12,12,12,12,12,12,18,38,57,100,100,191,212,282,420,613,706,1116,1402,1774,2269,2860,3640,4469,5380,6573,7652,9043,10877,12475
,Sri Lanka,South-East Asia Region,,,,,,,,1,1,1,1,1,1,1,1,1,1,1,1,1,1,1,1,1,1,1,1,1,1,1,1,1,1,1,1,1,1,1,1,1,1,1,1,1,1,1,1,1,1,1,1,2,3,6,11,19,29,29,42,59,59
,Iran,Eastern Mediterranean Region,,,,,,,,,,,,,,,,,,,,,,,,,,,,,,,2,5,18,28,43,61,95,141,245,388,593,978,1501,2336,2922,3513,4747,5823,6566,7161,8042,9000,10075,11364,12729,14991,14991,16169,17361,18407,19644
,India,South-East Asia Region,,,,,,,,,,1,1,1,2,3,3,3,3,3,3,3,3,3,3,3,3,3,3,3,3,3,3,3,3,3,3,3,3,3,3,3,3,3,5,6,29,30,31,34,43,44,60,73,74,82,107,114,137,137,151,195,195
,Germany,European Region,,,,,,,,1,4,4,5,7,8,10,12,12,12,13,14,14,14,14,16,16,16,16,16,16,16,16,16,16,16,16,16,16,18,21,26,57,57,129,157,196,262,534,639,795,1112,1139,1296,1567,2369,3062,3795,4838,6012,7156,8198,10999,18323
,Philippines,Western Pacific Region,,,,,,,,,,1,1,1,2,2,2,3,3,3,3,3,3,3,3,3,3,3,3,3,3,3,3,3,3,3,3,3,3,3,3,3,3,3,3,3,3,5,5,6,10,33,49,52,52,64,111,140,187,187,187,217,230
,Spain,European Region,,,,,,,,,,,,1,1,1,1,1,1,1,1,1,2,2,2,2,2,2,2,2,2,2,2,2,2,2,2,2,2,12,25,32,45,45,114,151,198,257,374,430,589,1024,1639,2140,2965,4231,5753,7753,9191,11178,13716,17147,19980
,United Kingdom,European Region,,,,,,,,,,,,2,2,2,2,2,2,3,3,3,4,8,8,9,9,9,9,9,9,9,9,9,9,9,9,13,13,13,16,20,23,36,39,51,89,118,167,210,277,323,373,460,594,802,1144,1395,1547,1954,2630,3277,3983
,Sweden,European Region,,,,,,,,,,,,1,1,1,1,1,1,1,1,1,1,1,1,1,1,1,1,1,1,1,1,1,1,1,1,1,1,2,7,12,13,14,15,24,35,61,137,161,203,248,326,461,620,775,924,992,1059,1167,1279,1423,1623
,Switzerland,European Region,,,,,,,,,,,,,,,,,,,,,,,,,,,,,,,,,,,,,1,1,6,10,18,26,30,27,56,86,209,264,332,332,491,645,858,1125,1359,2200,2200,2650,3010,3863,4840
,Austria,European Region,,,,,,,,,,,,,,,,,,,,,,,,,,,,,,,,,,,,,2,2,4,5,10,10,18,24,37,47,66,104,112,131,182,302,361,504,800,959,1132,1332,1646,1843,2649
,Norway,European Region,,,,,,,,,,,,,,,,,,,,,,,,,,,,,,,,,,,,,,1,4,6,15,19,25,33,56,86,113,147,169,192,277,277,489,750,907,1077,1169,1308,1423,1552,1742
,Kuwait,Eastern Mediterranean Region,,,,,,,,,,,,,,,,,,,,,,,,,,,,,,,,,,,3,8,12,43,43,45,45,56,56,56,58,58,58,62,64,65,69,80,80,100,112,112,130,130,142,148,159
,Bahrain,Eastern Mediterranean Region,,,,,,,,,,,,,,,,,,,,,,,,,,,,,,,,,,,,8,26,33,33,38,40,47,49,49,49,49,49,56,79,109,110,189,195,210,211,221,229,237,256,269,285
,United Arab Emirates,Eastern Mediterranean Region,,,,,,,,,4,4,4,4,5,5,5,5,5,5,7,7,7,8,8,8,8,8,8,9,9,9,9,9,11,13,13,13,13,13,19,19,19,21,21,27,27,27,45,45,45,59,74,74,85,85,85,98,98,98,113,140,140
,Israel,European Region,,,,,,,,,,,,,,,,,,,,,,,,,,,,,,,,,1,1,1,2,2,2,3,5,7,7,10,12,15,15,19,25,39,39,75,75,75,100,178,200,250,304,427,529,712
,Iraq,Eastern Mediterranean Region,,,,,,,,,,,,,,,,,,,,,,,,,,,,,,,,,,,,1,5,6,7,8,13,19,26,31,36,36,44,54,60,61,61,70,70,93,93,124,124,154,164,177,193
,Oman,Eastern Mediterranean Region,,,,,,,,,,,,,,,,,,,,,,,,,,,,,,,,,,,,2,4,4,6,6,6,6,6,12,15,16,16,16,16,18,18,18,18,19,20,22,24,24,33,39,48
,Lebanon,Eastern Mediterranean Region,,,,,,,,,,,,,,,,,,,,,,,,,,,,,,,,,1,1,1,1,1,2,2,2,2,10,13,13,13,16,22,28,32,41,41,66,66,77,93,99,109,120,133,149,163
,Pakistan,Eastern Mediterranean Region,,,,,,,,,,,,,,,,,,,,,,,,,,,,,,,,,,,,,,2,2,2,4,4,5,5,5,5,5,5,6,16,16,19,20,21,28,52,187,187,241,302,461
,Egypt,Eastern Mediterranean Region,,,,,,,,,,,,,,,,,,,,,,,,,,1,1,1,1,1,1,1,1,1,1,1,1,1,1,1,1,2,2,2,2,3,3,48,55,59,59,67,67,93,93,126,166,166,196,210,256
,Croatia,European Region,,,,,,,,,,,,,,,,,,,,,,,,,,,,,,,,,,,,,2,3,3,5,7,7,9,9,9,10,11,11,11,12,16,16,16,27,37,49,56,65,81,81,126
,Greece,European Region,,,,,,,,,,,,,,,,,,,,,,,,,,,,,,,,,,,,,,1,3,3,3,7,7,7,9,32,32,66,73,73,89,98,98,98,228,331,331,387,418,418,495
,Finland,European Region,,,,,,,,,,1,1,1,1,1,1,1,1,1,1,1,1,1,1,1,1,1,1,1,1,1,1,1,1,1,1,1,1,2,2,2,2,6,7,7,7,12,19,19,30,40,40,40,109,109,210,267,272,319,359,369,450
,Algeria,African Region,,,,,,,,,,,,,,,,,,,,,,,,,,,,,,,,,,,,,1,1,1,1,1,1,5,5,12,12,17,17,20,20,20,25,25,26,37,49,60,60,72,82,94
,Brazil,Region of the Americas,,,,,,,,,,,,,,,,,,,,,,,,,,,,,,,,,,,,,,1,1,1,2,2,2,2,3,7,13,19,25,25,34,52,77,98,121,200,234,234,291,428,621
,Russian Federation,European Region,,,,,,,,,,,,2,2,2,2,2,2,2,2,2,2,2,2,2,2,2,2,2,2,2,2,2,2,2,2,2,2,2,2,2,2,2,3,3,3,4,7,7,7,7,7,20,34,34,34,63,93,93,147,199,253
,Belgium,European Region,,,,,,,,,,,,,,,,1,1,1,1,1,1,1,1,1,1,1,1,1,1,1,1,1,1,1,1,1,1,1,1,1,1,1,8,8,23,50,109,169,200,239,267,314,314,599,689,1085,1085,1486,1486,1795,2257
,Denmark,European Region,,,,,,,,,,,,,,,,,,,,,,,,,,,,,,,,,,,,,,1,1,2,3,4,5,8,10,18,23,31,36,90,262,615,674,801,827,898,960,977,1044,1132,1255
,Estonia,European Region,,,,,,,,,,,,,,,,,,,,,,,,,,,,,,,,,,,,,,1,1,1,1,1,1,2,2,3,10,10,10,10,13,13,13,79,79,205,205,225,258,267,283
,Georgia,European Region,,,,,,,,,,,,,,,,,,,,,,,,,,,,,,,,,,,,,,1,1,2,3,3,3,3,3,9,9,12,13,15,23,23,25,25,30,33,33,34,38,38,43
,North Macedonia,European Region,,,,,,,,,,,,,,,,,,,,,,,,,,,,,,,,,,,,,,1,1,1,1,1,1,1,1,1,3,3,3,7,7,7,7,9,13,13,19,31,36,48,70
,Romania,European Region,,,,,,,,,,,,,,,,,,,,,,,,,,,,,,,,,,,,,,1,1,3,3,3,3,4,4,6,7,13,15,15,25,48,48,64,123,158,158,184,246,260,308
,Afghanistan,Eastern Mediterranean Region,,,,,,,,,,,,,,,,,,,,,,,,,,,,,,,,,,,,1,1,1,1,1,1,1,1,1,1,1,1,4,4,4,4,7,7,7,10,16,21,22,22,22,24
,New Zealand,Western Pacific Region,,,,,,,,,,,,,,,,,,,,,,,,,,,,,,,,,,,,,,,1,1,1,1,2,2,2,4,5,5,5,5,5,5,5,6,6,6,11,11,20,39,53
,Belarus,European Region,,,,,,,,,,,,,,,,,,,,,,,,,,,,,,,,,,,,,,,1,1,1,1,1,1,6,6,6,6,6,6,9,12,12,21,21,36,36,36,46,46,57
,Lithuania,European Region,,,,,,,,,,,,,,,,,,,,,,,,,,,,,,,,,,,,,,,1,1,1,1,1,1,1,1,1,1,1,1,1,3,3,6,9,14,17,25,26,36,69
,Netherlands,European Region,,,,,,,,,,,,,,,,,,,,,,,,,,,,,,,,,,,,,,,1,2,7,13,18,28,38,82,128,188,265,321,382,503,614,804,959,1135,1413,1705,2051,2460,2994
,Nigeria,African Region,,,,,,,,,,,,,,,,,,,,,,,,,,,,,,,,,,,,,,,1,1,1,1,1,1,4,1,1,1,2,2,2,2,25,2,2,2,2,2,8,12,12
,Mexico,Region of the Americas,,,,,,,,,,,,,,,,,,,,,,,,,,,,,,,,,,,,,,,,2,2,5,5,5,5,5,5,7,7,7,7,11,12,26,41,53,53,82,93,118,164
,San Marino,European Region,,,,,,,,,,,,,,,,,,,,,,,,,,,,,,,,,,,,,,,,1,1,1,8,8,16,21,24,27,37,49,63,63,63,66,92,92,102,104,109,126,151
,Azerbaijan,European Region,,,,,,,,,,,,,,,,,,,,,,,,,,,,,,,,,,,,,,,,,3,3,3,3,3,3,9,9,9,9,9,9,11,11,19,19,19,21,34,34,44
,Ireland,European Region,,,,,,,,,,,,,,,,,,,,,,,,,,,,,,,,,,,,,,,,,1,1,1,2,2,14,18,19,21,24,34,43,70,90,129,169,223,292,292,557,683
,Monaco,European Region,,,,,,,,,,,,,,,,,,,,,,,,,,,,,,,,,,,,,,,,,1,1,1,1,1,1,1,1,1,1,1,1,1,2,2,9,9,9,9,9,12
,Qatar,Eastern Mediterranean Region,,,,,,,,,,,,,,,,,,,,,,,,,,,,,,,,,,,,,,,,,1,3,7,8,8,8,11,12,15,18,24,262,262,262,337,401,439,442,442,452,460
,Ecuador,Region of the Americas,,,,,,,,,,,,,,,,,,,,,,,,,,,,,,,,,,,,,,,,,1,1,6,7,7,13,14,14,15,15,15,17,17,23,23,37,58,58,155,199,367
,Czechia,European Region,,,,,,,,,,,,,,,,,,,,,,,,,,,,,,,,,,,,,,,,,,3,3,5,5,12,12,26,32,38,61,94,116,150,214,298,383,434,522,694,904
,Iceland,European Region,,,,,,,,,,,,,,,,,,,,,,,,,,,,,,,,,,,,,,,,,,2,9,16,26,26,45,45,55,55,61,61,61,61,138,138,199,225,250,330,409
,Armenia,European Region,,,,,,,,,,,,,,,,,,,,,,,,,,,,,,,,,,,,,,,,,,1,1,1,1,1,1,1,1,1,1,1,1,8,8,26,52,52,84,122,136
,Luxembourg,European Region,,,,,,,,,,,,,,,,,,,,,,,,,,,,,,,,,,,,,,,,,,1,1,1,1,1,2,2,2,5,5,17,17,38,38,38,81,140,210,345,484
,Indonesia,South-East Asia Region,,,,,,,,,,,,,,,,,,,,,,,,,,,,,,,,,,,,,,,,,,2,2,2,2,2,2,4,6,19,27,34,34,69,117,117,172,172,227,309,369
,Dominican Republic,Region of the Americas,,,,,,,,,,,,,,,,,,,,,,,,,,,,,,,,,,,,,,,,,,1,1,1,1,1,1,1,1,5,5,5,5,5,5,5,21,21,21,34,72
,Portugal,European Region,,,,,,,,,,,,,,,,,,,,,,,,,,,,,,,,,,,,,,,,,,,2,2,7,9,13,21,30,30,41,41,41,112,112,245,331,448,642,785,1020
,Andorra,European Region,,,,,,,,,,,,,,,,,,,,,,,,,,,,,,,,,,,,,,,,,,,1,1,1,1,1,1,1,1,1,1,1,2,2,2,14,16,39,75,75
,Latvia,European Region,,,,,,,,,,,,,,,,,,,,,,,,,,,,,,,,,,,,,,,,,,,1,1,1,1,1,1,3,6,8,16,16,16,30,31,36,60,71,86,111
,Jordan,Eastern Mediterranean Region,,,,,,,,,,,,,,,,,,,,,,,,,,,,,,,,,,,,,,,,,,,1,1,1,1,1,1,1,1,1,1,1,1,1,6,35,35,52,56,69
,Morocco,Eastern Mediterranean Region,,,,,,,,,,,,,,,,,,,,,,,,,,,,,,,,,,,,,,,,,,,1,1,2,2,2,2,2,2,3,5,6,7,18,28,38,38,49,61,74
,Saudi Arabia,Eastern Mediterranean Region,,,,,,,,,,,,,,,,,,,,,,,,,,,,,,,,,,,,,,,,,,,1,1,1,8,8,7,15,15,20,21,21,62,103,103,133,171,238,238,274
,Tunisia,Eastern Mediterranean Region,,,,,,,,,,,,,,,,,,,,,,,,,,,,,,,,,,,,,,,,,,,1,1,1,1,1,1,2,2,6,6,7,16,16,18,20,24,29,39,54
,Senegal,African Region,,,,,,,,,,,,,,,,,,,,,,,,,,,,,,,,,,,,,,,,,,,1,1,1,4,4,4,4,4,4,4,10,10,21,26,27,27,36,38,38
,Poland,European Region,,,,,,,,,,,,,,,,,,,,,,,,,,,,,,,,,,,,,,,,,,,,1,1,1,5,6,11,16,22,44,49,64,111,150,150,246,287,325,425
,Ukraine,European Region,,,,,,,,,,,,,,,,,,,,,,,,,,,,,,,,,,,,,,,,,,,,1,1,1,1,1,1,1,1,1,3,3,3,3,7,14,16,16,26
,Argentina,Region of the Americas,,,,,,,,,,,,,,,,,,,,,,,,,,,,,,,,,,,,,,,,,,,,1,1,1,2,9,12,12,17,19,31,34,45,56,65,65,79,97,128
,Chile,Region of the Americas,,,,,,,,,,,,,,,,,,,,,,,,,,,,,,,,,,,,,,,,,,,,1,1,1,5,5,10,13,17,23,33,43,61,75,156,156,238,342,434
,Slovenia,European Region,,,,,,,,,,,,,,,,,,,,,,,,,,,,,,,,,,,,,,,,,,,,,1,6,9,12,16,23,31,57,57,141,141,219,253,275,286,319,341
,occupied Palestinian territory,Territories,,,,,,,,,,,,,,,,,,,,,,,,,,,,,,,,,,,,,,,,,,,,,4,7,16,16,19,26,30,30,31,35,38,38,39,41,44,47,48
,Bosnia and Herzegovina,European Region,,,,,,,,,,,,,,,,,,,,,,,,,,,,,,,,,,,,,,,,,,,,,1,2,2,2,2,2,4,4,4,11,18,18,19,19,36,44,44
,Hungary,European Region,,,,,,,,,,,,,,,,,,,,,,,,,,,,,,,,,,,,,,,,,,,,,2,2,5,7,9,9,13,13,16,19,32,39,50,50,58,73,85
,Saint Barthélemy,Territories,,,,,,,,,,,,,,,,,,,,,,,,,,,,,,,,,,,,,,,,,,,,,1,1,1,1,1,1,1,1,1,1,1,3,3,3,3,3,3
,Saint Martin,Territories,,,,,,,,,,,,,,,,,,,,,,,,,,,,,,,,,,,,,,,,,,,,,2,2,2,2,2,2,2,2,2,2,2,2,2,2,4,4,4
,Gibraltar,Territories,,,,,,,,,,,,,,,,,,,,,,,,,,,,,,,,,,,,,,,,,,,,,1,1,1,1,1,1,1,1,1,1,1,1,3,3,8,10,10
,Bhutan,South-East Asia Region,,,,,,,,,,,,,,,,,,,,,,,,,,,,,,,,,,,,,,,,,,,,,,1,1,1,1,1,1,1,1,1,1,1,1,1,1,2,2
,Cameroon,African Region,,,,,,,,,,,,,,,,,,,,,,,,,,,,,,,,,,,,,,,,,,,,,,1,2,2,2,2,2,2,2,2,3,3,5,5,10,15,22
,South Africa,African Region,,,,,,,,,,,,,,,,,,,,,,,,,,,,,,,,,,,,,,,,,,,,,,1,1,2,3,7,7,13,17,17,38,51,62,62,116,150,205
,Serbia,European Region,,,,,,,,,,,,,,,,,,,,,,,,,,,,,,,,,,,,,,,,,,,,,,1,1,1,1,1,12,19,19,31,41,46,70,85,96,123,135
,Holy See,European Region,,,,,,,,,,,,,,,,,,,,,,,,,,,,,,,,,,,,,,,,,,,,,,,1,1,1,1,1,1,1,1,1,1,1,1,1,1,1
,Slovakia,European Region,,,,,,,,,,,,,,,,,,,,,,,,,,,,,,,,,,,,,,,,,,,,,,,1,3,5,7,7,10,21,30,44,61,72,97,105,123,137
,Colombia,Region of the Americas,,,,,,,,,,,,,,,,,,,,,,,,,,,,,,,,,,,,,,,,,,,,,,,1,1,1,3,3,9,9,16,24,24,45,45,93,108,145
,Peru,Region of the Americas,,,,,,,,,,,,,,,,,,,,,,,,,,,,,,,,,,,,,,,,,,,,,,,1,6,6,9,11,17,22,28,43,71,86,86,145,234,234
,Togo,African Region,,,,,,,,,,,,,,,,,,,,,,,,,,,,,,,,,,,,,,,,,,,,,,,1,1,1,1,1,1,1,1,1,1,1,1,1,9,9
,Republic of Moldova,European Region,,,,,,,,,,,,,,,,,,,,,,,,,,,,,,,,,,,,,,,,,,,,,,,,1,1,1,3,4,4,8,12,23,29,30,36,49,66
,Maldives,South-East Asia Region,,,,,,,,,,,,,,,,,,,,,,,,,,,,,,,,,,,,,,,,,,,,,,,,2,4,4,8,8,8,9,10,13,13,13,13,13,13
,Liechtenstein,European Region,,,,,,,,,,,,,,,,,,,,,,,,,,,,,,,,,,,,,,,,,,,,,,,,1,1,1,1,1,4,4,4,7,7,7,25,25,34
,Faroe Islands,Territories,,,,,,,,,,,,,,,,,,,,,,,,,,,,,,,,,,,,,,,,,,,,,,,,1,2,2,2,2,2,3,9,11,47,47,58,72,80
,Costa Rica,Region of the Americas,,,,,,,,,,,,,,,,,,,,,,,,,,,,,,,,,,,,,,,,,,,,,,,,5,9,9,13,13,22,23,23,23,41,41,50,87,113
,French Guiana,Territories,,,,,,,,,,,,,,,,,,,,,,,,,,,,,,,,,,,,,,,,,,,,,,,,5,5,5,5,5,6,1,7,7,7,7,11,15,15
,Martinique,Territories,,,,,,,,,,,,,,,,,,,,,,,,,,,,,,,,,,,,,,,,,,,,,,,,2,2,2,3,3,4,6,10,15,16,16,23,32,32
,Malta,European Region,,,,,,,,,,,,,,,,,,,,,,,,,,,,,,,,,,,,,,,,,,,,,,,,3,3,4,4,6,9,12,12,21,30,38,48,53,64
,Albania,European Region,,,,,,,,,,,,,,,,,,,,,,,,,,,,,,,,,,,,,,,,,,,,,,,,,2,2,10,10,23,33,38,42,51,55,59,70,70
,Bangladesh,South-East Asia Region,,,,,,,,,,,,,,,,,,,,,,,,,,,,,,,,,,,,,,,,,,,,,,,,,3,3,3,3,3,3,3,5,8,8,10,17,17
,Paraguay,Region of the Americas,,,,,,,,,,,,,,,,,,,,,,,,,,,,,,,,,,,,,,,,,,,,,,,,,1,1,5,5,5,6,6,8,9,9,11,11,13
,Brunei Darussalam,Western Pacific Region,,,,,,,,,,,,,,,,,,,,,,,,,,,,,,,,,,,,,,,,,,,,,,,,,,1,1,12,12,25,40,50,50,54,56,73,78
,Mongolia,Western Pacific Region,,,,,,,,,,,,,,,,,,,,,,,,,,,,,,,,,,,,,,,,,,,,,,,,,,1,1,1,1,1,1,1,4,4,5,6,6
,Cyprus,European Region,,,,,,,,,,,,,,,,,,,,,,,,,,,,,,,,,,,,,,,,,,,,,,,,,,2,2,6,6,14,21,33,33,33,58,58,67
,Guernsey,Territories,,,,,,,,,,,,,,,,,,,,,,,,,,,,,,,,,,,,,,,,,,,,,,,,,,1,1,1,1,1,1,1,1,1,1,1,1
,Panama,Region of the Americas,,,,,,,,,,,,,,,,,,,,,,,,,,,,,,,,,,,,,,,,,,,,,,,,,,1,8,10,14,27,27,43,69,69,86,109,137
,Bolivia,Region of the Americas,,,,,,,,,,,,,,,,,,,,,,,,,,,,,,,,,,,,,,,,,,,,,,,,,,,2,2,3,3,3,11,11,11,12,15,16
,Jamaica,Region of the Americas,,,,,,,,,,,,,,,,,,,,,,,,,,,,,,,,,,,,,,,,,,,,,,,,,,,1,1,1,7,8,10,10,12,13,15,16
,Burkina Faso,African Region,,,,,,,,,,,,,,,,,,,,,,,,,,,,,,,,,,,,,,,,,,,,,,,,,,,2,2,2,2,3,3,15,20,26,40,40
,Democratic Republic of the Congo,African Region,,,,,,,,,,,,,,,,,,,,,,,,,,,,,,,,,,,,,,,,,,,,,,,,,,,1,1,1,2,2,2,3,3,7,14,14
,French Polynesia,Territories,,,,,,,,,,,,,,,,,,,,,,,,,,,,,,,,,,,,,,,,,,,,,,,,,,,,1,1,1,3,3,3,3,3,11,11
,Turkey,European Region,,,,,,,,,,,,,,,,,,,,,,,,,,,,,,,,,,,,,,,,,,,,,,,,,,,,1,1,5,5,5,47,47,191,191,670
,Honduras,Region of the Americas,,,,,,,,,,,,,,,,,,,,,,,,,,,,,,,,,,,,,,,,,,,,,,,,,,,,2,2,2,2,2,8,8,9,12,24
,Côte d’Ivoire,African Region,,,,,,,,,,,,,,,,,,,,,,,,,,,,,,,,,,,,,,,,,,,,,,,,,,,,1,1,1,3,3,6,6,9,9,9
,Jersey,Territories,,,,,,,,,,,,,,,,,,,,,,,,,,,,,,,,,,,,,,,,,,,,,,,,,,,,,2,2,2,2,2,5,5,5,12
,Réunion,Territories,,,,,,,,,,,,,,,,,,,,,,,,,,,,,,,,,,,,,,,,,,,,,,,,,,,,,3,5,6,9,9,9,12,15,28
,Cuba,Region of the Americas,,,,,,,,,,,,,,,,,,,,,,,,,,,,,,,,,,,,,,,,,,,,,,,,,,,,,3,4,4,4,5,5,10,11,16
,Guyana,Region of the Americas,,,,,,,,,,,,,,,,,,,,,,,,,,,,,,,,,,,,,,,,,,,,,,,,,,,,,1,6,1,4,4,4,4,5,5
,Saint Vincent and the Grenadines,Region of the Americas,,,,,,,,,,,,,,,,,,,,,,,,,,,,,,,,,,,,,,,,,,,,,,,,,,,,,1,1,1,1,1,1,1,1,1
,Puerto Rico,Territories,,,,,,,,,,,,,,,,,,,,,,,,,,,,,,,,,,,,,,,,,,,,,,,,,,,,,,3,3,3,3,3,5,6,14
,Venezuela,Region of the Americas,,,,,,,,,,,,,,,,,,,,,,,,,,,,,,,,,,,,,,,,,,,,,,,,,,,,,,2,2,2,33,33,36,36,36
,Antigua and Barbuda,Region of the Americas,,,,,,,,,,,,,,,,,,,,,,,,,,,,,,,,,,,,,,,,,,,,,,,,,,,,,,1,1,1,1,1,1,1,1
,Guadeloupe,Territories,,,,,,,,,,,,,,,,,,,,,,,,,,,,,,,,,,,,,,,,,,,,,,,,,,,,,,1,3,6,18,18,33,45,51
,Trinidad and Tobago,Region of the Americas,,,,,,,,,,,,,,,,,,,,,,,,,,,,,,,,,,,,,,,,,,,,,,,,,,,,,,1,1,2,5,5,7,9,9
,Cayman Islands,Territories,,,,,,,,,,,,,,,,,,,,,,,,,,,,,,,,,,,,,,,,,,,,,,,,,,,,,,1,1,1,1,1,1,3,3
,Ethiopia,African Region,,,,,,,,,,,,,,,,,,,,,,,,,,,,,,,,,,,,,,,,,,,,,,,,,,,,,,1,1,1,5,5,6,9,9
,Gabon,African Region,,,,,,,,,,,,,,,,,,,,,,,,,,,,,,,,,,,,,,,,,,,,,,,,,,,,,,1,1,1,1,1,3,3,3
,Ghana,African Region,,,,,,,,,,,,,,,,,,,,,,,,,,,,,,,,,,,,,,,,,,,,,,,,,,,,,,1,2,6,6,6,9,11,16
,Guinea,African Region,,,,,,,,,,,,,,,,,,,,,,,,,,,,,,,,,,,,,,,,,,,,,,,,,,,,,,1,1,1,1,1,1,2,2
,Kenya,African Region,,,,,,,,,,,,,,,,,,,,,,,,,,,,,,,,,,,,,,,,,,,,,,,,,,,,,,1,1,1,3,3,7,7,7
,Sudan,Eastern Mediterranean Region,,,,,,,,,,,,,,,,,,,,,,,,,,,,,,,,,,,,,,,,,,,,,,,,,,,,,,1,1,1,1,1,1,1,1
,Kazakhstan,European Region,,,,,,,,,,,,,,,,,,,,,,,,,,,,,,,,,,,,,,,,,,,,,,,,,,,,,,,6,6,6,33,36,46,53
,Curaçao,Territories,,,,,,,,,,,,,,,,,,,,,,,,,,,,,,,,,,,,,,,,,,,,,,,,,,,,,,,2,2,3,3,3,3,3
,Namibia,African Region,,,,,,,,,,,,,,,,,,,,,,,,,,,,,,,,,,,,,,,,,,,,,,,,,,,,,,,2,2,2,2,2,3,3
,Central African Republic,African Region,,,,,,,,,,,,,,,,,,,,,,,,,,,,,,,,,,,,,,,,,,,,,,,,,,,,,,,1,1,1,1,1,1,1
,Congo,African Region,,,,,,,,,,,,,,,,,,,,,,,,,,,,,,,,,,,,,,,,,,,,,,,,,,,,,,,1,1,1,1,3,3,3
,Equatorial Guinea,African Region,,,,,,,,,,,,,,,,,,,,,,,,,,,,,,,,,,,,,,,,,,,,,,,,,,,,,,,1,1,1,1,3,4,4
,Eswatini,African Region,,,,,,,,,,,,,,,,,,,,,,,,,,,,,,,,,,,,,,,,,,,,,,,,,,,,,,,1,1,1,1,1,1,1
,Mauritania,African Region,,,,,,,,,,,,,,,,,,,,,,,,,,,,,,,,,,,,,,,,,,,,,,,,,,,,,,,1,1,1,1,2,2,2
,Mayotte,Territories,,,,,,,,,,,,,,,,,,,,,,,,,,,,,,,,,,,,,,,,,,,,,,,,,,,,,,,1,1,1,1,3,4,4
,Uzbekistan,European Region,,,,,,,,,,,,,,,,,,,,,,,,,,,,,,,,,,,,,,,,,,,,,,,,,,,,,,,,4,4,16,16,21,33
,Uruguay,Region of the Americas,,,,,,,,,,,,,,,,,,,,,,,,,,,,,,,,,,,,,,,,,,,,,,,,,,,,,,,,4,6,6,29,79,94
,Rwanda,African Region,,,,,,,,,,,,,,,,,,,,,,,,,,,,,,,,,,,,,,,,,,,,,,,,,,,,,,,,5,7,7,11,11,11
,Seychelles,African Region,,,,,,,,,,,,,,,,,,,,,,,,,,,,,,,,,,,,,,,,,,,,,,,,,,,,,,,,2,4,4,6,6,6
,Guam,Territories,,,,,,,,,,,,,,,,,,,,,,,,,,,,,,,,,,,,,,,,,,,,,,,,,,,,,,,,,3,3,5,12,14
,Somalia,Eastern Mediterranean Region,,,,,,,,,,,,,,,,,,,,,,,,,,,,,,,,,,,,,,,,,,,,,,,,,,,,,,,,,1,1,1,1,1
,Bahamas,Region of the Americas,,,,,,,,,,,,,,,,,,,,,,,,,,,,,,,,,,,,,,,,,,,,,,,,,,,,,,,,,1,1,3,3,4
,Aruba,Territories,,,,,,,,,,,,,,,,,,,,,,,,,,,,,,,,,,,,,,,,,,,,,,,,,,,,,,,,,2,2,4,5,5
,United States Virgin Islands,Territories,,,,,,,,,,,,,,,,,,,,,,,,,,,,,,,,,,,,,,,,,,,,,,,,,,,,,,,,,2,2,2,3,3
,Benin,African Region,,,,,,,,,,,,,,,,,,,,,,,,,,,,,,,,,,,,,,,,,,,,,,,,,,,,,,,,,1,1,1,2,2
,Liberia,African Region,,,,,,,,,,,,,,,,,,,,,,,,,,,,,,,,,,,,,,,,,,,,,,,,,,,,,,,,,1,1,2,2,2
,United Republic of Tanzania,African Region,,,,,,,,,,,,,,,,,,,,,,,,,,,,,,,,,,,,,,,,,,,,,,,,,,,,,,,,,1,1,3,6,6
,Montenegro,European Region,,,,,,,,,,,,,,,,,,,,,,,,,,,,,,,,,,,,,,,,,,,,,,,,,,,,,,,,,,2,2,10,14
,Kyrgyzstan,European Region,,,,,,,,,,,,,,,,,,,,,,,,,,,,,,,,,,,,,,,,,,,,,,,,,,,,,,,,,,,3,3,6
,Djibouti,Eastern Mediterranean Region,,,,,,,,,,,,,,,,,,,,,,,,,,,,,,,,,,,,,,,,,,,,,,,,,,,,,,,,,,,1,1,1
,Barbados,Region of the Americas,,,,,,,,,,,,,,,,,,,,,,,,,,,,,,,,,,,,,,,,,,,,,,,,,,,,,,,,,,,2,2,5
,Montserrat,Region of the Americas,,,,,,,,,,,,,,,,,,,,,,,,,,,,,,,,,,,,,,,,,,,,,,,,,,,,,,,,,,,1,1,1
,Mauritius,African Region,,,,,,,,,,,,,,,,,,,,,,,,,,,,,,,,,,,,,,,,,,,,,,,,,,,,,,,,,,,3,7,12
,Zambia,African Region,,,,,,,,,,,,,,,,,,,,,,,,,,,,,,,,,,,,,,,,,,,,,,,,,,,,,,,,,,,2,2,2
,Gambia,African Region,,,,,,,,,,,,,,,,,,,,,,,,,,,,,,,,,,,,,,,,,,,,,,,,,,,,,,,,,,,1,1,1
,Fiji,Western Pacific Region,,,,,,,,,,,,,,,,,,,,,,,,,,,,,,,,,,,,,,,,,,,,,,,,,,,,,,,,,,,,1,1
,New Caledonia,Western Pacific Region,,,,,,,,,,,,,,,,,,,,,,,,,,,,,,,,,,,,,,,,,,,,,,,,,,,,,,,,,,,,2,2
,El Salvador,Region of the Americas,,,,,,,,,,,,,,,,,,,,,,,,,,,,,,,,,,,,,,,,,,,,,,,,,,,,,,,,,,,,1,1
,Nicaragua,Region of the Americas,,,,,,,,,,,,,,,,,,,,,,,,,,,,,,,,,,,,,,,,,,,,,,,,,,,,,,,,,,,,1,1
,Chad,African Region,,,,,,,,,,,,,,,,,,,,,,,,,,,,,,,,,,,,,,,,,,,,,,,,,,,,,,,,,,,,1,1
,Niger,African Region,,,,,,,,,,,,,,,,,,,,,,,,,,,,,,,,,,,,,,,,,,,,,,,,,,,,,,,,,,,,1,1
,Papua New Guinea,Western Pacific Region,,,,,,,,,,,,,,,,,,,,,,,,,,,,,,,,,,,,,,,,,,,,,,,,,,,,,,,,,,,,,1
,Isle of Man,Territories,,,,,,,,,,,,,,,,,,,,,,,,,,,,,,,,,,,,,,,,,,,,,,,,,,,,,,,,,,,,,1
,Timor-Leste,South-East Asia Region,,,,,,,,,,,,,,,,,,,,,,,,,,,,,,,,,,,,,,,,,,,,,,,,,,,,,,,,,,,,,1
,Haiti,Region of the Americas,,,,,,,,,,,,,,,,,,,,,,,,,,,,,,,,,,,,,,,,,,,,,,,,,,,,,,,,,,,,,2
,Cabo Verde,African Region,,,,,,,,,,,,,,,,,,,,,,,,,,,,,,,,,,,,,,,,,,,,,,,,,,,,,,,,,,,,,1
,Zimbabwe,African Region,,,,,,,,,,,,,,,,,,,,,,,,,,,,,,,,,,,,,,,,,,,,,,,,,,,,,,,,,,,,,1
Case on an international conveyance,Other,Other,,,,,,,,,,,,,,,,,20,61,64,64,70,135,175,174,218,218,355,454,454,542,621,634,634,634,695,691,691,705,705,705,706,706,706,706,706,696,696,696,696,696,696,696,696,697,697,712,712,712,712,712,712
Confirmed,,Western Pacific Region,,,,,,,,,,,,,,,,,,,,,,,,,,,,,,,,,,,,,,,,,,,,,,,,,,,,,,,,,91779,91845,92333,93349,94037
Deaths,,Western Pacific Region,,,,,,,,,,,,,,,,,,,,,,,,,,,,,,,,,,,,,,,,,,,,,,,,,,,,,,,,,3357,3357,3377,3405,3426
Confirmed,,European Region,,,,,,,,,,,,,,,,,,,,,,,,,,,,,,,,,,,,,,,,,,,,,,,,,,,,,,,,,64188,74760,87108,104591,128541
Deaths,,European Region,,,,,,,,,,,,,,,,,,,,,,,,,,,,,,,,,,,,,,,,,,,,,,,,,,,,,,,,,3108,3352,4084,4899,6000
Confirmed,,South-East Asia Region,,,,,,,,,,,,,,,,,,,,,,,,,,,,,,,,,,,,,,,,,,,,,,,,,,,,,,,,,508,538,657,918,979
Deaths,,South-East Asia Region,,,,,,,,,,,,,,,,,,,,,,,,,,,,,,,,,,,,,,,,,,,,,,,,,,,,,,,,,9,9,23,31,38
Confirmed,,Eastern Mediterranean Region,,,,,,,,,,,,,,,,,,,,,,,,,,,,,,,,,,,,,,,,,,,,,,,,,,,,,,,,,16786,18060,19518,20759,22355
Deaths,,Eastern Mediterranean Region,,,,,,,,,,,,,,,,,,,,,,,,,,,,,,,,,,,,,,,,,,,,,,,,,,,,,,,,,873,1010,1161,1312,1466
Confirmed,,Region of the Americas,,,,,,,,,,,,,,,,,,,,,,,,,,,,,,,,,,,,,,,,,,,,,,,,,,,,,,,,,4910,4979,9144,13271,18877
Deaths,,Region of the Americas,,,,,,,,,,,,,,,,,,,,,,,,,,,,,,,,,,,,,,,,,,,,,,,,,,,,,,,,,68,68,119,178,235
Confirmed,,African Region,,,,,,,,,,,,,,,,,,,,,,,,,,,,,,,,,,,,,,,,,,,,,,,,,,,,,,,,,228,233,367,473,572
Deaths,,African Region,,,,,,,,,,,,,,,,,,,,,,,,,,,,,,,,,,,,,,,,,,,,,,,,,,,,,,,,,4,4,7,8,12
